"Date","Price","Open","High","Low","Vol.","Change %"
"11/20/2022","1.3377","1.3392","1.3496","1.3317","","-0.05%"
"11/13/2022","1.3384","1.3256","1.3411","1.3226","","0.98%"
"11/06/2022","1.3254","1.3543","1.3572","1.3235","","-1.66%"
"10/30/2022","1.3478","1.3615","1.3809","1.3469","","-0.90%"
"10/23/2022","1.3600","1.3649","1.3776","1.3494","","-0.28%"
"10/16/2022","1.3638","1.3877","1.3881","1.3628","","-1.74%"
"10/09/2022","1.3880","1.3735","1.3979","1.3702","","1.04%"
"10/02/2022","1.3737","1.3816","1.3828","1.3503","","-0.64%"
"09/25/2022","1.3826","1.3591","1.3840","1.3558","","1.74%"
"09/18/2022","1.3589","1.3269","1.3613","1.3226","","2.48%"
"09/11/2022","1.3260","1.3024","1.3309","1.2953","","1.80%"
"09/04/2022","1.3026","1.3128","1.3210","1.2981","","-0.81%"
"08/28/2022","1.3132","1.3030","1.3209","1.2971","","0.76%"
"08/21/2022","1.3033","1.2997","1.3065","1.2895","","0.31%"
"08/14/2022","1.2993","1.2770","1.3010","1.2769","","1.72%"
"08/07/2022","1.2773","1.2932","1.2952","1.2727","","-1.21%"
"07/31/2022","1.2930","1.2815","1.2986","1.2766","","1.07%"
"07/24/2022","1.2793","1.2916","1.2947","1.2788","","-0.94%"
"07/17/2022","1.2914","1.3024","1.3030","1.2823","","-0.89%"
"07/10/2022","1.3030","1.2950","1.3225","1.2936","","0.63%"
"07/03/2022","1.2948","1.2888","1.3085","1.2837","","0.50%"
"06/26/2022","1.2883","1.2895","1.2968","1.2818","","-0.08%"
"06/19/2022","1.2893","1.3031","1.3040","1.2889","","-1.02%"
"06/12/2022","1.3026","1.2783","1.3080","1.2773","","1.92%"
"06/05/2022","1.2781","1.2591","1.2814","1.2516","","1.49%"
"05/29/2022","1.2593","1.2732","1.2736","1.2550","","-1.02%"
"05/22/2022","1.2723","1.2844","1.2886","1.2717","","-0.88%"
"05/15/2022","1.2836","1.2925","1.2983","1.2775","","-0.56%"
"05/08/2022","1.2908","1.2907","1.3078","1.2893","","0.02%"
"05/01/2022","1.2905","1.2840","1.2915","1.2711","","0.38%"
"04/24/2022","1.2856","1.2707","1.2881","1.2683","","1.15%"
"04/17/2022","1.2710","1.2613","1.2728","1.2457","","0.79%"
"04/10/2022","1.2611","1.2571","1.2678","1.2521","","0.34%"
"04/03/2022","1.2568","1.2520","1.2621","1.2402","","0.40%"
"03/27/2022","1.2518","1.2479","1.2594","1.2428","","0.36%"
"03/20/2022","1.2473","1.2604","1.2627","1.2464","","-1.02%"
"03/13/2022","1.2602","1.2744","1.2873","1.2588","","-1.11%"
"03/06/2022","1.2743","1.2732","1.2902","1.2685","","0.10%"
"02/27/2022","1.2730","1.2764","1.2811","1.2586","","0.20%"
"02/20/2022","1.2705","1.2751","1.2879","1.2681","","-0.35%"
"02/13/2022","1.2749","1.2744","1.2785","1.2664","","0.10%"
"02/06/2022","1.2736","1.2763","1.2763","1.2636","","-0.22%"
"01/30/2022","1.2764","1.2764","1.2789","1.2650","","0.02%"
"01/23/2022","1.2761","1.2583","1.2798","1.2553","","1.43%"
"01/16/2022","1.2581","1.2556","1.2589","1.2450","","0.22%"
"01/09/2022","1.2553","1.2649","1.2699","1.2451","","-0.72%"
"01/02/2022","1.2644","1.2634","1.2815","1.2629","","0.08%"
"12/26/2021","1.2634","1.2812","1.2849","1.2621","","-1.37%"
"12/19/2021","1.2810","1.2893","1.2965","1.2786","","-0.59%"
"12/12/2021","1.2886","1.2725","1.2938","1.2705","","1.31%"
"12/05/2021","1.2720","1.2828","1.2844","1.2607","","-0.95%"
"11/28/2021","1.2842","1.2793","1.2855","1.2711","","0.44%"
"11/21/2021","1.2786","1.2634","1.2801","1.2625","","1.17%"
"11/14/2021","1.2638","1.2550","1.2664","1.2490","","0.77%"
"11/07/2021","1.2542","1.2462","1.2606","1.2385","","0.71%"
"10/31/2021","1.2454","1.2394","1.2480","1.2350","","0.54%"
"10/24/2021","1.2387","1.2369","1.2433","1.2301","","0.16%"
"10/17/2021","1.2367","1.2371","1.2411","1.2288","","0.01%"
"10/10/2021","1.2366","1.2476","1.2500","1.2335","","-0.83%"
"10/03/2021","1.2469","1.2651","1.2656","1.2449","","-1.41%"
"09/26/2021","1.2647","1.2655","1.2775","1.2591","","-0.04%"
"09/19/2021","1.2652","1.2765","1.2896","1.2630","","-0.89%"
"09/12/2021","1.2766","1.2686","1.2773","1.2598","","0.61%"
"09/05/2021","1.2689","1.2526","1.2763","1.2515","","1.30%"
"08/29/2021","1.2526","1.2622","1.2655","1.2491","","-0.79%"
"08/22/2021","1.2626","1.2821","1.2842","1.2576","","-1.52%"
"08/15/2021","1.2821","1.2519","1.2950","1.2510","","2.46%"
"08/08/2021","1.2513","1.2552","1.2591","1.2486","","-0.31%"
"08/01/2021","1.2552","1.2479","1.2582","1.2450","","0.66%"
"07/25/2021","1.2470","1.2564","1.2606","1.2420","","-0.72%"
"07/18/2021","1.2561","1.2610","1.2809","1.2523","","-0.40%"
"07/11/2021","1.2611","1.2442","1.2622","1.2429","","1.33%"
"07/04/2021","1.2446","1.2320","1.2592","1.2300","","1.03%"
"06/27/2021","1.2319","1.2294","1.2451","1.2285","","0.20%"
"06/20/2021","1.2294","1.2465","1.2487","1.2250","","-1.35%"
"06/13/2021","1.2462","1.2149","1.2481","1.2126","","2.53%"
"06/06/2021","1.2155","1.2075","1.2178","1.2054","","0.63%"
"05/30/2021","1.2079","1.2070","1.2134","1.2004","","0.09%"
"05/23/2021","1.2068","1.2061","1.2142","1.2027","","0.02%"
"05/16/2021","1.2066","1.2098","1.2146","1.2011","","-0.30%"
"05/09/2021","1.2102","1.2157","1.2204","1.2044","","-0.23%"
"05/02/2021","1.2130","1.2289","1.2352","1.2123","","-1.29%"
"04/25/2021","1.2289","1.2482","1.2492","1.2264","","-1.49%"
"04/18/2021","1.2475","1.2494","1.2653","1.2457","","-0.23%"
"04/11/2021","1.2504","1.2534","1.2630","1.2474","","-0.18%"
"04/04/2021","1.2527","1.2576","1.2636","1.2499","","-0.37%"
"03/28/2021","1.2573","1.2574","1.2648","1.2525","","-0.02%"
"03/21/2021","1.2576","1.2502","1.2630","1.2471","","0.63%"
"03/14/2021","1.2497","1.2471","1.2549","1.2363","","0.21%"
"03/07/2021","1.2471","1.2662","1.2701","1.2459","","-1.45%"
"02/28/2021","1.2655","1.2723","1.2740","1.2573","","-0.66%"
"02/21/2021","1.2739","1.2623","1.2751","1.2466","","1.02%"
"02/14/2021","1.2610","1.2694","1.2746","1.2592","","-0.66%"
"02/07/2021","1.2694","1.2767","1.2784","1.2658","","-0.45%"
"01/31/2021","1.2751","1.2777","1.2871","1.2749","","-0.20%"
"01/24/2021","1.2777","1.2719","1.2882","1.2683","","0.33%"
"01/17/2021","1.2735","1.2734","1.2801","1.2588","","0.02%"
"01/10/2021","1.2732","1.2691","1.2837","1.2623","","0.39%"
"01/03/2021","1.2683","1.2725","1.2799","1.2628","","-0.35%"
"12/27/2020","1.2727","1.2867","1.2878","1.2712","","-1.10%"
"12/20/2020","1.2869","1.2782","1.2958","1.2781","","0.67%"
"12/13/2020","1.2783","1.2773","1.2800","1.2686","","0.09%"
"12/06/2020","1.2772","1.2780","1.2835","1.2704","","-0.06%"
"11/29/2020","1.2780","1.2990","1.3011","1.2770","","-1.62%"
"11/22/2020","1.2990","1.3091","1.3113","1.2970","","-0.81%"
"11/15/2020","1.3096","1.3138","1.3143","1.3032","","-0.27%"
"11/08/2020","1.3131","1.3062","1.3174","1.2926","","0.58%"
"11/01/2020","1.3055","1.3316","1.3371","1.3017","","-1.97%"
"10/25/2020","1.3317","1.3137","1.3391","1.3130","","1.49%"
"10/18/2020","1.3121","1.3193","1.3205","1.3079","","-0.50%"
"10/11/2020","1.3187","1.3130","1.3261","1.3097","","0.53%"
"10/04/2020","1.3118","1.3302","1.3342","1.3107","","-1.42%"
"09/27/2020","1.3307","1.3386","1.3421","1.3266","","-0.58%"
"09/20/2020","1.3384","1.3192","1.3420","1.3171","","1.36%"
"09/13/2020","1.3204","1.3187","1.3248","1.3125","","0.23%"
"09/06/2020","1.3174","1.3054","1.3261","1.3050","","0.87%"
"08/30/2020","1.3061","1.3102","1.3163","1.2992","","-0.27%"
"08/23/2020","1.3097","1.3185","1.3240","1.3045","","-0.59%"
"08/16/2020","1.3175","1.3257","1.3264","1.3133","","-0.69%"
"08/09/2020","1.3266","1.3378","1.3396","1.3190","","-0.87%"
"08/02/2020","1.3383","1.3401","1.3452","1.3231","","-0.22%"
"07/26/2020","1.3413","1.3429","1.3461","1.3329","","0.00%"
"07/19/2020","1.3413","1.3578","1.3601","1.3349","","-1.20%"
"07/12/2020","1.3576","1.3593","1.3648","1.3500","","-0.11%"
"07/05/2020","1.3591","1.3550","1.3633","1.3489","","0.34%"
"06/28/2020","1.3545","1.3674","1.3706","1.3543","","-1.04%"
"06/21/2020","1.3688","1.3600","1.3716","1.3484","","0.62%"
"06/14/2020","1.3603","1.3593","1.3687","1.3502","","0.15%"
"06/07/2020","1.3583","1.3426","1.3668","1.3313","","1.18%"
"05/31/2020","1.3424","1.3782","1.3802","1.3389","","-2.51%"
"05/24/2020","1.3769","1.3998","1.4009","1.3712","","-1.61%"
"05/17/2020","1.3994","1.4101","1.4118","1.3864","","-0.81%"
"05/10/2020","1.4108","1.3937","1.4141","1.3900","","1.31%"
"05/03/2020","1.3925","1.4073","1.4174","1.3906","","-1.13%"
"04/26/2020","1.4084","1.4108","1.4117","1.3848","","-0.13%"
"04/19/2020","1.4102","1.4008","1.4266","1.3998","","0.74%"
"04/12/2020","1.3998","1.3941","1.4183","1.3854","","0.33%"
"04/05/2020","1.3952","1.4195","1.4262","1.3929","","-1.75%"
"03/29/2020","1.4201","1.3992","1.4350","1.3991","","1.60%"
"03/22/2020","1.3977","1.4348","1.4562","1.3920","","-2.68%"
"03/15/2020","1.4362","1.3836","1.4669","1.3732","","4.05%"
"03/08/2020","1.3803","1.3462","1.3996","1.3461","","2.83%"
"03/01/2020","1.3423","1.3412","1.3446","1.3314","","0.20%"
"02/23/2020","1.3396","1.3248","1.3466","1.3234","","1.32%"
"02/16/2020","1.3222","1.3250","1.3280","1.3200","","-0.23%"
"02/09/2020","1.3252","1.3304","1.3331","1.3233","","-0.44%"
"02/02/2020","1.3311","1.3238","1.3321","1.3227","","0.57%"
"01/26/2020","1.3235","1.3145","1.3254","1.3145","","0.71%"
"01/19/2020","1.3142","1.3062","1.3173","1.3034","","0.60%"
"01/12/2020","1.3063","1.3051","1.3081","1.3030","","0.10%"
"01/05/2020","1.3050","1.2984","1.3106","1.2954","","0.39%"
"12/29/2019","1.2999","1.3075","1.3086","1.2949","","-0.59%"
"12/22/2019","1.3076","1.3148","1.3178","1.3062","","-0.53%"
"12/15/2019","1.3146","1.3170","1.3187","1.3100","","-0.14%"
"12/08/2019","1.3165","1.3256","1.3267","1.3149","","-0.68%"
"12/01/2019","1.3255","1.3279","1.3322","1.3156","","-0.15%"
"11/24/2019","1.3275","1.3302","1.3320","1.3258","","-0.20%"
"11/17/2019","1.3301","1.3224","1.3329","1.3188","","0.61%"
"11/10/2019","1.3221","1.3221","1.3272","1.3210","","-0.05%"
"11/03/2019","1.3228","1.3132","1.3238","1.3110","","0.72%"
"10/27/2019","1.3134","1.3061","1.3209","1.3039","","0.58%"
"10/20/2019","1.3058","1.3126","1.3144","1.3051","","-0.50%"
"10/13/2019","1.3124","1.3198","1.3240","1.3117","","-0.55%"
"10/06/2019","1.3196","1.3314","1.3347","1.3168","","-0.88%"
"09/29/2019","1.3313","1.3246","1.3348","1.3203","","0.52%"
"09/22/2019","1.3244","1.3256","1.3306","1.3211","","-0.11%"
"09/15/2019","1.3259","1.3226","1.3311","1.3205","","-0.18%"
"09/08/2019","1.3283","1.3173","1.3289","1.3131","","0.86%"
"09/01/2019","1.3170","1.3313","1.3384","1.3156","","-1.05%"
"08/25/2019","1.3310","1.3294","1.3334","1.3223","","0.24%"
"08/18/2019","1.3278","1.3273","1.3346","1.3250","","0.06%"
"08/11/2019","1.3270","1.3226","1.3340","1.3184","","0.33%"
"08/04/2019","1.3226","1.3210","1.3346","1.3175","","0.17%"
"07/28/2019","1.3204","1.3168","1.3267","1.3103","","0.29%"
"07/21/2019","1.3166","1.3066","1.3199","1.3039","","0.81%"
"07/14/2019","1.3060","1.3035","1.3111","1.3014","","0.24%"
"07/07/2019","1.3029","1.3071","1.3145","1.3016","","-0.35%"
"06/30/2019","1.3075","1.3092","1.3147","1.3035","","-0.11%"
"06/23/2019","1.3090","1.3220","1.3223","1.3057","","-0.99%"
"06/16/2019","1.3221","1.3405","1.3434","1.3149","","-1.42%"
"06/09/2019","1.3411","1.3248","1.3424","1.3225","","1.10%"
"06/02/2019","1.3265","1.3521","1.3529","1.3260","","-1.83%"
"05/26/2019","1.3512","1.3433","1.3566","1.3428","","0.57%"
"05/19/2019","1.3436","1.3462","1.3504","1.3355","","-0.14%"
"05/12/2019","1.3455","1.3420","1.3515","1.3398","","0.32%"
"05/05/2019","1.3412","1.3434","1.3506","1.3378","","-0.06%"
"04/28/2019","1.3420","1.3456","1.3491","1.3375","","-0.25%"
"04/21/2019","1.3453","1.3388","1.3522","1.3333","","0.47%"
"04/14/2019","1.3390","1.3339","1.3404","1.3272","","0.53%"
"04/07/2019","1.3320","1.3391","1.3399","1.3279","","-0.46%"
"03/31/2019","1.3382","1.3354","1.3404","1.3294","","0.28%"
"03/24/2019","1.3344","1.3432","1.3454","1.3339","","-0.61%"
"03/17/2019","1.3426","1.3349","1.3434","1.3248","","0.69%"
"03/10/2019","1.3334","1.3418","1.3442","1.3285","","-0.59%"
"03/03/2019","1.3413","1.3293","1.3471","1.3274","","0.89%"
"02/24/2019","1.3295","1.3144","1.3312","1.3111","","1.21%"
"02/17/2019","1.3136","1.3241","1.3284","1.3131","","-0.81%"
"02/10/2019","1.3243","1.3281","1.3343","1.3194","","-0.25%"
"02/03/2019","1.3276","1.3112","1.3330","1.3084","","1.36%"
"01/27/2019","1.3098","1.3218","1.3289","1.3066","","-0.90%"
"01/20/2019","1.3217","1.3248","1.3376","1.3212","","-0.30%"
"01/13/2019","1.3257","1.3262","1.3320","1.3224","","-0.05%"
"01/06/2019","1.3264","1.3376","1.3391","1.3178","","-0.81%"
"12/30/2018","1.3372","1.3631","1.3666","1.3371","","-1.94%"
"12/23/2018","1.3637","1.3599","1.3662","1.3564","","0.29%"
"12/16/2018","1.3598","1.3381","1.3604","1.3371","","1.61%"
"12/09/2018","1.3382","1.3322","1.3426","1.3290","","0.47%"
"12/02/2018","1.3319","1.3258","1.3446","1.3159","","0.20%"
"11/25/2018","1.3293","1.3233","1.3361","1.3186","","0.45%"
"11/18/2018","1.3234","1.3146","1.3320","1.3140","","0.69%"
"11/11/2018","1.3143","1.3196","1.3265","1.3125","","-0.50%"
"11/04/2018","1.3209","1.3105","1.3233","1.3054","","0.78%"
"10/28/2018","1.3107","1.3108","1.3172","1.3046","","0.02%"
"10/21/2018","1.3105","1.3096","1.3161","1.2967","","0.06%"
"10/14/2018","1.3097","1.3023","1.3133","1.2914","","0.58%"
"10/07/2018","1.3021","1.2944","1.3073","1.2924","","0.66%"
"09/30/2018","1.2935","1.2902","1.2956","1.2780","","0.24%"
"09/23/2018","1.2904","1.2915","1.3083","1.2903","","-0.07%"
"09/16/2018","1.2913","1.3037","1.3066","1.2882","","-0.91%"
"09/09/2018","1.3031","1.3173","1.3199","1.2973","","-0.94%"
"09/02/2018","1.3154","1.3039","1.3228","1.3039","","0.90%"
"08/26/2018","1.3037","1.3029","1.3090","1.2885","","0.08%"
"08/19/2018","1.3027","1.3061","1.3105","1.2984","","-0.24%"
"08/12/2018","1.3058","1.3148","1.3177","1.3047","","-0.65%"
"08/05/2018","1.3143","1.2991","1.3155","1.2960","","1.19%"
"07/29/2018","1.2988","1.3053","1.3097","1.2966","","-0.48%"
"07/22/2018","1.3051","1.3139","1.3192","1.3022","","-0.73%"
"07/15/2018","1.3147","1.3162","1.3291","1.3107","","-0.09%"
"07/08/2018","1.3159","1.3093","1.3220","1.3063","","0.60%"
"07/01/2018","1.3080","1.3141","1.3226","1.3074","","-0.38%"
"06/24/2018","1.3130","1.3276","1.3387","1.3128","","-1.05%"
"06/17/2018","1.3269","1.3196","1.3383","1.3159","","0.53%"
"06/10/2018","1.3199","1.2973","1.3210","1.2947","","2.13%"
"06/03/2018","1.2924","1.2951","1.3068","1.2857","","-0.18%"
"05/27/2018","1.2947","1.2972","1.3048","1.2816","","-0.18%"
"05/20/2018","1.2970","1.2881","1.2989","1.2740","","0.70%"
"05/13/2018","1.2880","1.2790","1.2925","1.2747","","0.70%"
"05/06/2018","1.2791","1.2845","1.2999","1.2727","","-0.41%"
"04/29/2018","1.2844","1.2836","1.2919","1.2801","","0.14%"
"04/22/2018","1.2826","1.2756","1.2902","1.2747","","0.54%"
"04/15/2018","1.2757","1.2606","1.2770","1.2524","","1.17%"
"04/08/2018","1.2610","1.2772","1.2821","1.2543","","-1.35%"
"04/01/2018","1.2782","1.2902","1.2945","1.2731","","-0.85%"
"03/25/2018","1.2891","1.2893","1.2937","1.2813","","0.00%"
"03/18/2018","1.2891","1.3100","1.3126","1.2821","","-1.56%"
"03/11/2018","1.3095","1.2825","1.3100","1.2802","","2.22%"
"03/04/2018","1.2810","1.2874","1.3003","1.2807","","-0.53%"
"02/25/2018","1.2878","1.2645","1.2917","1.2614","","1.98%"
"02/18/2018","1.2628","1.2550","1.2759","1.2527","","0.58%"
"02/11/2018","1.2555","1.2586","1.2650","1.2448","","-0.17%"
"02/04/2018","1.2576","1.2433","1.2685","1.2397","","1.22%"
"01/28/2018","1.2424","1.2316","1.2438","1.2248","","0.93%"
"01/21/2018","1.2309","1.2487","1.2519","1.2280","","-1.43%"
"01/14/2018","1.2487","1.2465","1.2539","1.2370","","0.26%"
"01/07/2018","1.2455","1.2415","1.2591","1.2377","","0.39%"
"12/31/2017","1.2407","1.2579","1.2581","1.2353","","-1.35%"
"12/24/2017","1.2577","1.2724","1.2742","1.2513","","-1.21%"
"12/17/2017","1.2731","1.2874","1.2921","1.2695","","-1.00%"
"12/10/2017","1.2860","1.2854","1.2893","1.2711","","0.13%"
"12/03/2017","1.2843","1.2687","1.2881","1.2622","","1.28%"
"11/26/2017","1.2681","1.2712","1.2911","1.2678","","-0.25%"
"11/19/2017","1.2713","1.2767","1.2838","1.2670","","-0.38%"
"11/12/2017","1.2761","1.2684","1.2825","1.2677","","0.64%"
"11/05/2017","1.2680","1.2765","1.2821","1.2664","","-0.63%"
"10/29/2017","1.2761","1.2818","1.2916","1.2713","","-0.34%"
"10/22/2017","1.2805","1.2624","1.2917","1.2611","","1.43%"
"10/15/2017","1.2624","1.2478","1.2631","1.2448","","1.27%"
"10/08/2017","1.2466","1.2533","1.2560","1.2431","","-0.54%"
"10/01/2017","1.2534","1.2475","1.2599","1.2446","","0.54%"
"09/24/2017","1.2467","1.2335","1.2529","1.2311","","1.06%"
"09/17/2017","1.2336","1.2195","1.2392","1.2170","","1.18%"
"09/10/2017","1.2192","1.2158","1.2241","1.2080","","0.33%"
"09/03/2017","1.2152","1.2401","1.2430","1.2059","","-1.95%"
"08/27/2017","1.2394","1.2475","1.2665","1.2339","","-0.68%"
"08/20/2017","1.2479","1.2568","1.2608","1.2463","","-0.83%"
"08/13/2017","1.2584","1.2672","1.2780","1.2555","","-0.76%"
"08/06/2017","1.2681","1.2649","1.2754","1.2629","","0.25%"
"07/30/2017","1.2650","1.2440","1.2669","1.2431","","1.75%"
"07/23/2017","1.2432","1.2538","1.2576","1.2414","","-0.84%"
"07/16/2017","1.2537","1.2645","1.2703","1.2522","","-0.81%"
"07/09/2017","1.2640","1.2879","1.2945","1.2642","","-1.83%"
"07/02/2017","1.2876","1.2966","1.3016","1.2859","","-0.69%"
"06/25/2017","1.2965","1.3267","1.3274","1.2948","","-2.28%"
"06/18/2017","1.3267","1.3217","1.3349","1.3191","","0.42%"
"06/11/2017","1.3212","1.3458","1.3472","1.3165","","-1.92%"
"06/04/2017","1.3470","1.3493","1.3541","1.3422","","-0.09%"
"05/28/2017","1.3482","1.3447","1.3548","1.3426","","0.27%"
"05/21/2017","1.3446","1.3520","1.3542","1.3388","","-0.50%"
"05/14/2017","1.3514","1.3696","1.3723","1.3509","","-1.43%"
"05/07/2017","1.3710","1.3665","1.3772","1.3642","","0.42%"
"04/30/2017","1.3652","1.3655","1.3795","1.3636","","0.00%"
"04/23/2017","1.3652","1.3498","1.3699","1.3410","","1.13%"
"04/16/2017","1.3499","1.3323","1.3526","1.3262","","1.30%"
"04/09/2017","1.3326","1.3401","1.3428","1.3221","","-0.60%"
"04/02/2017","1.3406","1.3304","1.3457","1.3300","","0.70%"
"03/26/2017","1.3313","1.3377","1.3416","1.3277","","-0.49%"
"03/19/2017","1.3379","1.3345","1.3410","1.3264","","0.22%"
"03/12/2017","1.3350","1.3457","1.3496","1.3276","","-0.90%"
"03/05/2017","1.3471","1.3375","1.3536","1.3371","","0.70%"
"02/26/2017","1.3377","1.3104","1.3438","1.3083","","2.18%"
"02/19/2017","1.3091","1.3104","1.3210","1.3055","","-0.06%"
"02/12/2017","1.3099","1.3090","1.3127","1.3009","","0.14%"
"02/05/2017","1.3081","1.3026","1.3216","1.3008","","0.45%"
"01/29/2017","1.3023","1.3147","1.3170","1.2968","","-0.99%"
"01/22/2017","1.3153","1.3324","1.3337","1.3054","","-1.27%"
"01/15/2017","1.3322","1.3110","1.3388","1.3017","","1.59%"
"01/08/2017","1.3113","1.3237","1.3296","1.3030","","-0.93%"
"01/01/2017","1.3236","1.3438","1.3461","1.3175","","-1.47%"
"12/25/2016","1.3433","1.3531","1.3600","1.3401","","-0.76%"
"12/18/2016","1.3536","1.3340","1.3558","1.3317","","1.50%"
"12/11/2016","1.3336","1.3155","1.3421","1.3082","","1.19%"
"12/04/2016","1.3179","1.3297","1.3359","1.3152","","-0.87%"
"11/27/2016","1.3294","1.3520","1.3539","1.3253","","-1.74%"
"11/20/2016","1.3530","1.3500","1.3537","1.3376","","0.21%"
"11/13/2016","1.3501","1.3524","1.3590","1.3399","","-0.31%"
"11/06/2016","1.3543","1.3406","1.3551","1.3263","","1.04%"
"10/30/2016","1.3404","1.3395","1.3466","1.3351","","0.04%"
"10/23/2016","1.3398","1.3333","1.3433","1.3275","","0.49%"
"10/16/2016","1.3333","1.3139","1.3356","1.3004","","1.47%"
"10/09/2016","1.3140","1.3280","1.3308","1.3103","","-1.19%"
"10/02/2016","1.3298","1.3134","1.3314","1.3067","","1.29%"
"09/25/2016","1.3129","1.3167","1.3282","1.3046","","-0.30%"
"09/18/2016","1.3168","1.3209","1.3243","1.2997","","-0.31%"
"09/11/2016","1.3209","1.3044","1.3249","1.3027","","1.23%"
"09/04/2016","1.3048","1.2993","1.3054","1.2820","","0.38%"
"08/28/2016","1.2998","1.2996","1.3149","1.2973","","-0.04%"
"08/21/2016","1.3003","1.2870","1.3012","1.2830","","1.02%"
"08/14/2016","1.2872","1.2954","1.2976","1.2761","","-0.59%"
"08/07/2016","1.2948","1.3177","1.3191","1.2922","","-1.67%"
"07/31/2016","1.3168","1.3028","1.3202","1.2995","","1.06%"
"07/24/2016","1.3030","1.3140","1.3253","1.3000","","-0.73%"
"07/17/2016","1.3126","1.2947","1.3186","1.2925","","1.19%"
"07/10/2016","1.2971","1.3047","1.3140","1.2859","","-0.56%"
"07/03/2016","1.3044","1.2915","1.3091","1.2829","","0.98%"
"06/26/2016","1.2917","1.2978","1.3121","1.2861","","-0.68%"
"06/19/2016","1.3006","1.2892","1.3102","1.2679","","0.86%"
"06/12/2016","1.2895","1.2780","1.3088","1.2750","","0.86%"
"06/05/2016","1.2785","1.2938","1.2984","1.2653","","-1.15%"
"05/29/2016","1.2934","1.3016","1.3145","1.2913","","-0.65%"
"05/22/2016","1.3019","1.3113","1.3190","1.2909","","-0.72%"
"05/15/2016","1.3113","1.2925","1.3163","1.2836","","1.33%"
"05/08/2016","1.2941","1.2909","1.3015","1.2770","","0.25%"
"05/01/2016","1.2909","1.2550","1.2953","1.2460","","2.84%"
"04/24/2016","1.2553","1.2675","1.2718","1.2497","","-0.92%"
"04/17/2016","1.2670","1.2940","1.2992","1.2592","","-1.19%"
"04/10/2016","1.2822","1.2987","1.3017","1.2748","","-1.28%"
"04/03/2016","1.2988","1.3012","1.3219","1.2950","","-0.18%"
"03/27/2016","1.3012","1.3272","1.3287","1.2855","","-1.98%"
"03/20/2016","1.3275","1.3003","1.3298","1.2994","","2.11%"
"03/13/2016","1.3001","1.3212","1.3406","1.2921","","-1.58%"
"03/06/2016","1.3210","1.3315","1.3447","1.3166","","-0.79%"
"02/28/2016","1.3315","1.3511","1.3589","1.3311","","-1.47%"
"02/21/2016","1.3513","1.3765","1.3861","1.3503","","-1.84%"
"02/14/2016","1.3766","1.3852","1.3912","1.3651","","-0.58%"
"02/07/2016","1.3847","1.3910","1.4017","1.3785","","-0.49%"
"01/31/2016","1.3915","1.3973","1.4103","1.3637","","-0.42%"
"01/24/2016","1.3973","1.4118","1.4327","1.3948","","-1.02%"
"01/17/2016","1.4117","1.4543","1.4691","1.4113","","-2.91%"
"01/10/2016","1.4540","1.4168","1.4554","1.4063","","2.61%"
"01/03/2016","1.4170","1.3838","1.4180","1.3814","","2.32%"
"12/27/2015","1.3849","1.3816","1.3941","1.3814","","0.20%"
"12/20/2015","1.3822","1.3938","1.3996","1.3796","","-0.95%"
"12/13/2015","1.3955","1.3749","1.4001","1.3671","","1.45%"
"12/06/2015","1.3756","1.3366","1.3759","1.3363","","2.95%"
"11/29/2015","1.3362","1.3366","1.3417","1.3291","","-0.07%"
"11/22/2015","1.3372","1.3337","1.3437","1.3277","","0.22%"
"11/15/2015","1.3343","1.3322","1.3372","1.3244","","0.15%"
"11/08/2015","1.3323","1.3301","1.3351","1.3222","","0.12%"
"11/01/2015","1.3307","1.3075","1.3317","1.3034","","1.75%"
"10/25/2015","1.3078","1.3163","1.3281","1.3054","","-0.65%"
"10/18/2015","1.3164","1.2915","1.3200","1.2900","","1.96%"
"10/11/2015","1.2911","1.2952","1.3082","1.2830","","-0.25%"
"10/04/2015","1.2943","1.3155","1.3176","1.2899","","-1.57%"
"09/27/2015","1.3149","1.3333","1.3457","1.3149","","-1.41%"
"09/20/2015","1.3337","1.3204","1.3417","1.3174","","0.83%"
"09/13/2015","1.3227","1.3260","1.3283","1.3011","","-0.26%"
"09/06/2015","1.3262","1.3275","1.3311","1.3153","","-0.17%"
"08/30/2015","1.3284","1.3202","1.3329","1.3116","","0.63%"
"08/23/2015","1.3201","1.3184","1.3354","1.3146","","0.11%"
"08/16/2015","1.3186","1.3087","1.3189","1.3022","","0.75%"
"08/09/2015","1.3088","1.3131","1.3182","1.2950","","-0.32%"
"08/02/2015","1.3130","1.3095","1.3215","1.3049","","0.31%"
"07/26/2015","1.3089","1.3036","1.3095","1.2861","","0.31%"
"07/19/2015","1.3049","1.2971","1.3103","1.2914","","0.60%"
"07/12/2015","1.2971","1.2672","1.3008","1.2669","","2.47%"
"07/05/2015","1.2658","1.2572","1.2782","1.2563","","0.67%"
"06/28/2015","1.2574","1.2343","1.2635","1.2304","","2.08%"
"06/21/2015","1.2318","1.2267","1.2424","1.2217","","0.42%"
"06/14/2015","1.2266","1.2316","1.2361","1.2126","","-0.45%"
"06/07/2015","1.2322","1.2441","1.2473","1.2201","","-0.94%"
"05/31/2015","1.2439","1.2442","1.2565","1.2366","","-0.07%"
"05/24/2015","1.2448","1.2285","1.2539","1.2275","","1.38%"
"05/17/2015","1.2279","1.2012","1.2324","1.1999","","2.22%"
"05/10/2015","1.2012","1.2078","1.2147","1.1919","","-0.49%"
"05/03/2015","1.2071","1.2158","1.2183","1.1941","","-0.72%"
"04/26/2015","1.2159","1.2182","1.2205","1.1943","","-0.17%"
"04/19/2015","1.2180","1.2222","1.2307","1.2101","","-0.57%"
"04/12/2015","1.2250","1.2577","1.2648","1.2087","","-2.48%"
"04/05/2015","1.2562","1.2452","1.2669","1.2386","","0.62%"
"03/29/2015","1.2484","1.2599","1.2785","1.2428","","-1.00%"
"03/22/2015","1.2610","1.2555","1.2623","1.2408","","0.47%"
"03/15/2015","1.2551","1.2775","1.2836","1.2477","","-1.82%"
"03/08/2015","1.2784","1.2622","1.2825","1.2572","","1.28%"
"03/01/2015","1.2622","1.2481","1.2629","1.2407","","0.91%"
"02/22/2015","1.2508","1.2529","1.2665","1.2385","","-0.16%"
"02/15/2015","1.2528","1.2447","1.2566","1.2361","","0.63%"
"02/08/2015","1.2449","1.2537","1.2699","1.2420","","-0.61%"
"02/01/2015","1.2526","1.2732","1.2774","1.2353","","-1.62%"
"01/25/2015","1.2732","1.2443","1.2798","1.2377","","2.51%"
"01/18/2015","1.2420","1.1975","1.2456","1.1931","","3.63%"
"01/11/2015","1.1985","1.1864","1.2046","1.1801","","0.99%"
"01/04/2015","1.1867","1.1779","1.1890","1.1729","","0.70%"
"12/28/2014","1.1784","1.1618","1.1786","1.1564","","1.36%"
"12/21/2014","1.1626","1.1597","1.1667","1.1577","","0.22%"
"12/14/2014","1.1601","1.1578","1.1674","1.1546","","0.16%"
"12/07/2014","1.1583","1.1445","1.1592","1.1396","","1.26%"
"11/30/2014","1.1439","1.1420","1.1476","1.1311","","0.21%"
"11/23/2014","1.1415","1.1240","1.1445","1.1222","","1.64%"
"11/16/2014","1.1231","1.1285","1.1369","1.1191","","-0.50%"
"11/09/2014","1.1288","1.1329","1.1402","1.1261","","-0.34%"
"11/02/2014","1.1327","1.1264","1.1467","1.1262","","0.54%"
"10/26/2014","1.1266","1.1236","1.1334","1.1119","","0.30%"
"10/19/2014","1.1232","1.1272","1.1299","1.1183","","-0.41%"
"10/12/2014","1.1278","1.1178","1.1387","1.1171","","0.70%"
"10/05/2014","1.1200","1.1252","1.1265","1.1079","","-0.38%"
"09/28/2014","1.1243","1.1154","1.1271","1.1068","","0.80%"
"09/21/2014","1.1154","1.0955","1.1172","1.0926","","1.75%"
"09/14/2014","1.0962","1.1092","1.1099","1.0885","","-1.19%"
"09/07/2014","1.1094","1.0881","1.1099","1.0878","","1.97%"
"08/31/2014","1.0880","1.0877","1.0943","1.0819","","0.02%"
"08/24/2014","1.0878","1.0957","1.1000","1.0811","","-0.63%"
"08/17/2014","1.0947","1.0892","1.0989","1.0874","","0.47%"
"08/10/2014","1.0896","1.0973","1.0978","1.0858","","-0.71%"
"08/03/2014","1.0974","1.0915","1.0988","1.0903","","0.52%"
"07/27/2014","1.0917","1.0814","1.0945","1.0795","","0.96%"
"07/20/2014","1.0813","1.0736","1.0822","1.0710","","0.75%"
"07/13/2014","1.0732","1.0736","1.0796","1.0708","","-0.01%"
"07/06/2014","1.0733","1.0653","1.0738","1.0628","","0.73%"
"06/29/2014","1.0655","1.0659","1.0698","1.0618","","-0.12%"
"06/22/2014","1.0668","1.0761","1.0765","1.0658","","-0.84%"
"06/15/2014","1.0758","1.0857","1.0888","1.0749","","-0.90%"
"06/08/2014","1.0856","1.0926","1.0941","1.0838","","-0.72%"
"06/01/2014","1.0935","1.0846","1.0963","1.0838","","0.85%"
"05/25/2014","1.0843","1.0870","1.0888","1.0820","","-0.17%"
"05/18/2014","1.0862","1.0859","1.0942","1.0848","","0.05%"
"05/11/2014","1.0857","1.0900","1.0929","1.0851","","-0.36%"
"05/04/2014","1.0896","1.0976","1.0991","1.0813","","-0.71%"
"04/27/2014","1.0974","1.1030","1.1039","1.0934","","-0.59%"
"04/20/2014","1.1039","1.1018","1.1057","1.0999","","0.20%"
"04/13/2014","1.1017","1.0964","1.1037","1.0941","","0.33%"
"04/06/2014","1.0981","1.0978","1.1012","1.0856","","0.00%"
"03/30/2014","1.0981","1.1065","1.1074","1.0957","","-0.72%"
"03/23/2014","1.1061","1.1218","1.1247","1.0999","","-1.42%"
"03/16/2014","1.1220","1.1100","1.1280","1.1023","","1.04%"
"03/09/2014","1.1104","1.1079","1.1156","1.1041","","0.19%"
"03/02/2014","1.1083","1.1055","1.1119","1.0953","","0.16%"
"02/23/2014","1.1065","1.1112","1.1160","1.1039","","-0.41%"
"02/16/2014","1.1111","1.0991","1.1180","1.0908","","1.21%"
"02/09/2014","1.0978","1.1033","1.1091","1.0938","","-0.50%"
"02/02/2014","1.1033","1.1128","1.1135","1.0965","","-0.86%"
"01/26/2014","1.1129","1.1083","1.1227","1.1030","","0.37%"
"01/19/2014","1.1088","1.0960","1.1175","1.0929","","1.15%"
"01/12/2014","1.0962","1.0891","1.0993","1.0841","","0.61%"
"01/05/2014","1.0895","1.0637","1.0947","1.0611","","2.44%"
"12/29/2013","1.0635","1.0703","1.0731","1.0589","","-0.66%"
"12/22/2013","1.0706","1.0640","1.0721","1.0580","","0.67%"
"12/15/2013","1.0635","1.0586","1.0738","1.0571","","0.46%"
"12/08/2013","1.0586","1.0639","1.0673","1.0559","","-0.47%"
"12/01/2013","1.0636","1.0614","1.0709","1.0602","","0.20%"
"11/24/2013","1.0615","1.0516","1.0630","1.0511","","0.96%"
"11/17/2013","1.0514","1.0437","1.0570","1.0413","","0.72%"
"11/10/2013","1.0439","1.0479","1.0527","1.0433","","-0.39%"
"11/03/2013","1.0480","1.0423","1.0505","1.0396","","0.57%"
"10/27/2013","1.0421","1.0452","1.0499","1.0410","","-0.26%"
"10/20/2013","1.0448","1.0290","1.0463","1.0269","","1.57%"
"10/13/2013","1.0286","1.0349","1.0393","1.0274","","-0.62%"
"10/06/2013","1.0350","1.0291","1.0422","1.0288","","0.53%"
"09/29/2013","1.0295","1.0303","1.0358","1.0273","","-0.12%"
"09/22/2013","1.0307","1.0299","1.0343","1.0272","","0.02%"
"09/15/2013","1.0305","1.0351","1.0358","1.0179","","-0.45%"
"09/08/2013","1.0352","1.0409","1.0421","1.0304","","-0.50%"
"09/01/2013","1.0404","1.0522","1.0562","1.0381","","-1.26%"
"08/25/2013","1.0537","1.0499","1.0562","1.0472","","0.40%"
"08/18/2013","1.0495","1.0332","1.0570","1.0314","","1.53%"
"08/11/2013","1.0337","1.0293","1.0370","1.0278","","0.48%"
"08/04/2013","1.0288","1.0385","1.0448","1.0274","","-0.95%"
"07/28/2013","1.0387","1.0282","1.0404","1.0246","","1.02%"
"07/21/2013","1.0282","1.0364","1.0370","1.0253","","-0.83%"
"07/14/2013","1.0368","1.0387","1.0444","1.0353","","-0.25%"
"07/07/2013","1.0394","1.0565","1.0589","1.0324","","-1.75%"
"06/30/2013","1.0579","1.0515","1.0610","1.0469","","0.56%"
"06/23/2013","1.0520","1.0448","1.0558","1.0421","","0.60%"
"06/16/2013","1.0457","1.0166","1.0490","1.0147","","2.82%"
"06/09/2013","1.0170","1.0198","1.0252","1.0136","","-0.26%"
"06/02/2013","1.0196","1.0360","1.0387","1.0168","","-1.75%"
"05/26/2013","1.0378","1.0310","1.0423","1.0292","","0.58%"
"05/19/2013","1.0318","1.0276","1.0394","1.0215","","0.37%"
"05/12/2013","1.0280","1.0090","1.0315","1.0080","","1.79%"
"05/05/2013","1.0099","1.0078","1.0154","1.0013","","0.19%"
"04/28/2013","1.0080","1.0172","1.0173","1.0048","","-0.87%"
"04/21/2013","1.0168","1.0257","1.0288","1.0156","","-0.94%"
"04/14/2013","1.0265","1.0133","1.0296","1.0127","","1.27%"
"04/07/2013","1.0136","1.0172","1.0217","1.0082","","-0.38%"
"03/31/2013","1.0175","1.0177","1.0238","1.0103","","0.00%"
"03/24/2013","1.0175","1.0231","1.0238","1.0145","","-0.56%"
"03/17/2013","1.0232","1.0203","1.0286","1.0199","","0.37%"
"03/10/2013","1.0194","1.0290","1.0295","1.0179","","-0.88%"
"03/03/2013","1.0284","1.0271","1.0337","1.0234","","0.15%"
"02/24/2013","1.0269","1.0215","1.0343","1.0208","","0.54%"
"02/17/2013","1.0214","1.0063","1.0257","1.0056","","1.50%"
"02/10/2013","1.0063","1.0023","1.0088","0.9997","","0.39%"
"02/03/2013","1.0024","0.9966","1.0036","0.9930","","0.59%"
"01/27/2013","0.9965","1.0057","1.0102","0.9954","","-0.91%"
"01/20/2013","1.0057","0.9919","1.0101","0.9901","","1.40%"
"01/13/2013","0.9918","0.9840","0.9948","0.9829","","0.71%"
"01/06/2013","0.9848","0.9867","0.9888","0.9812","","-0.23%"
"12/30/2012","0.9871","0.9965","0.9978","0.9834","","-0.99%"
"12/23/2012","0.9970","0.9930","0.9972","0.9903","","0.37%"
"12/16/2012","0.9933","0.9868","0.9956","0.9830","","0.78%"
"12/09/2012","0.9856","0.9882","0.9889","0.9822","","-0.29%"
"12/02/2012","0.9885","0.9941","0.9956","0.9874","","-0.59%"
"11/25/2012","0.9944","0.9932","0.9963","0.9904","","0.15%"
"11/18/2012","0.9929","1.0015","1.0019","0.9913","","-0.84%"
"11/11/2012","1.0013","1.0011","1.0057","0.9983","","-0.04%"
"11/04/2012","1.0017","0.9958","1.0034","0.9871","","0.57%"
"10/28/2012","0.9960","0.9979","1.0023","0.9921","","-0.06%"
"10/21/2012","0.9966","0.9939","0.9996","0.9887","","0.29%"
"10/14/2012","0.9937","0.9788","0.9940","0.9761","","1.37%"
"10/07/2012","0.9803","0.9785","0.9836","0.9742","","0.16%"
"09/30/2012","0.9787","0.9836","0.9885","0.9732","","-0.52%"
"09/23/2012","0.9838","0.9763","0.9863","0.9756","","0.76%"
"09/16/2012","0.9764","0.9709","0.9820","0.9694","","0.47%"
"09/09/2012","0.9718","0.9779","0.9790","0.9632","","-0.69%"
"09/02/2012","0.9786","0.9871","0.9921","0.9765","","-0.80%"
"08/26/2012","0.9865","0.9919","0.9934","0.9841","","-0.59%"
"08/19/2012","0.9924","0.9889","0.9950","0.9840","","0.32%"
"08/12/2012","0.9892","0.9913","0.9943","0.9859","","-0.18%"
"08/05/2012","0.9910","1.0019","1.0025","0.9904","","-1.03%"
"07/29/2012","1.0013","1.0042","1.0089","0.9980","","-0.21%"
"07/22/2012","1.0034","1.0135","1.0232","1.0029","","-0.89%"
"07/15/2012","1.0124","1.0143","1.0175","1.0063","","-0.21%"
"07/08/2012","1.0145","1.0194","1.0250","1.0126","","-0.48%"
"07/01/2012","1.0194","1.0162","1.0208","1.0097","","0.28%"
"06/24/2012","1.0166","1.0257","1.0364","1.0162","","-0.76%"
"06/17/2012","1.0244","1.0202","1.0301","1.0156","","0.26%"
"06/10/2012","1.0217","1.0223","1.0326","1.0200","","-0.45%"
"06/03/2012","1.0263","1.0394","1.0448","1.0208","","-1.37%"
"05/27/2012","1.0406","1.0271","1.0444","1.0206","","1.10%"
"05/20/2012","1.0293","1.0214","1.0313","1.0151","","0.70%"
"05/13/2012","1.0221","1.0017","1.0229","0.9988","","2.13%"
"05/06/2012","1.0008","0.9949","1.0064","0.9922","","0.53%"
"04/29/2012","0.9955","0.9807","0.9965","0.9801","","1.53%"
"04/22/2012","0.9805","0.9926","0.9980","0.9798","","-1.13%"
"04/15/2012","0.9917","0.9991","1.0034","0.9863","","-0.78%"
"04/08/2012","0.9995","0.9972","1.0053","0.9924","","0.22%"
"04/01/2012","0.9973","0.9954","1.0000","0.9886","","-0.06%"
"03/25/2012","0.9979","0.9981","1.0020","0.9897","","-0.02%"
"03/18/2012","0.9981","0.9912","1.0034","0.9858","","0.63%"
"03/11/2012","0.9919","0.9903","0.9950","0.9879","","0.08%"
"03/04/2012","0.9911","0.9893","1.0029","0.9869","","0.21%"
"02/26/2012","0.9890","0.9987","1.0050","0.9839","","-1.08%"
"02/19/2012","0.9998","0.9934","1.0021","0.9905","","0.39%"
"02/12/2012","0.9959","1.0006","1.0053","0.9935","","-0.64%"
"02/05/2012","1.0023","0.9945","1.0040","0.9924","","0.93%"
"01/29/2012","0.9931","1.0015","1.0072","0.9925","","-0.79%"
"01/22/2012","1.0010","1.0143","1.0164","0.9980","","-1.18%"
"01/15/2012","1.0130","1.0244","1.0253","1.0069","","-0.93%"
"01/08/2012","1.0225","1.0284","1.0320","1.0137","","-0.46%"
"01/01/2012","1.0272","1.0209","1.0273","1.0074","","0.75%"
"12/25/2011","1.0196","1.0213","1.0271","1.0126","","-0.02%"
"12/18/2011","1.0198","1.0367","1.0417","1.0180","","-1.74%"
"12/11/2011","1.0379","1.0191","1.0425","1.0183","","1.90%"
"12/04/2011","1.0185","1.0162","1.0263","1.0050","","0.04%"
"11/27/2011","1.0181","1.0436","1.0450","1.0078","","-2.93%"
"11/20/2011","1.0488","1.0276","1.0524","1.0269","","2.13%"
"11/13/2011","1.0269","1.0081","1.0303","1.0080","","1.43%"
"11/06/2011","1.0124","1.0168","1.0266","1.0075","","-0.64%"
"10/30/2011","1.0189","0.9924","1.0229","0.9911","","2.72%"
"10/23/2011","0.9919","1.0095","1.0213","0.9889","","-1.51%"
"10/16/2011","1.0071","1.0105","1.0266","1.0042","","-0.26%"
"10/09/2011","1.0097","1.0382","1.0389","1.0095","","-2.88%"
"10/02/2011","1.0396","1.0482","1.0659","1.0232","","-1.00%"
"09/25/2011","1.0501","1.0278","1.0505","1.0141","","2.15%"
"09/18/2011","1.0280","0.9812","1.0362","0.9804","","5.13%"
"09/11/2011","0.9778","0.9980","1.0027","0.9778","","-1.92%"
"09/04/2011","0.9969","0.9860","0.9980","0.9828","","1.14%"
"08/28/2011","0.9857","0.9812","0.9859","0.9722","","0.42%"
"08/21/2011","0.9816","0.9913","0.9925","0.9790","","-0.85%"
"08/14/2011","0.9900","0.9880","0.9939","0.9772","","0.30%"
"08/07/2011","0.9870","0.9812","1.0010","0.9764","","0.55%"
"07/31/2011","0.9816","0.9557","0.9854","0.9489","","2.76%"
"07/24/2011","0.9552","0.9484","0.9590","0.9405","","0.74%"
"07/17/2011","0.9482","0.9542","0.9637","0.9422","","-0.57%"
"07/10/2011","0.9536","0.9622","0.9779","0.9518","","-0.83%"
"07/03/2011","0.9616","0.9590","0.9696","0.9567","","0.29%"
"06/26/2011","0.9588","0.9875","0.9916","0.9580","","-3.00%"
"06/19/2011","0.9885","0.9808","0.9888","0.9699","","0.93%"
"06/12/2011","0.9794","0.9790","0.9900","0.9668","","-0.04%"
"06/05/2011","0.9798","0.9778","0.9821","0.9709","","0.18%"
"05/29/2011","0.9780","0.9778","0.9852","0.9653","","0.23%"
"05/22/2011","0.9758","0.9735","0.9818","0.9735","","0.18%"
"05/15/2011","0.9740","0.9690","0.9793","0.9639","","0.59%"
"05/08/2011","0.9683","0.9660","0.9747","0.9513","","0.28%"
"05/01/2011","0.9656","0.9457","0.9713","0.9445","","2.22%"
"04/24/2011","0.9446","0.9525","0.9577","0.9437","","-1.07%"
"04/17/2011","0.9548","0.9593","0.9725","0.9455","","-0.53%"
"04/10/2011","0.9599","0.9557","0.9672","0.9544","","0.44%"
"04/03/2011","0.9557","0.9646","0.9693","0.9524","","-0.82%"
"03/27/2011","0.9636","0.9817","0.9823","0.9624","","-1.75%"
"03/20/2011","0.9808","0.9853","0.9856","0.9731","","-0.39%"
"03/13/2011","0.9846","0.9736","0.9975","0.9709","","1.33%"
"03/06/2011","0.9717","0.9732","0.9803","0.9666","","-0.02%"
"02/27/2011","0.9719","0.9786","0.9791","0.9683","","-0.60%"
"02/20/2011","0.9778","0.9857","0.9960","0.9775","","-0.85%"
"02/13/2011","0.9862","0.9894","0.9906","0.9815","","-0.10%"
"02/06/2011","0.9872","0.9887","0.9989","0.9848","","-0.07%"
"01/30/2011","0.9879","1.0015","1.0059","0.9829","","-1.24%"
"01/23/2011","1.0003","0.9936","1.0019","0.9907","","0.63%"
"01/16/2011","0.9940","0.9882","1.0032","0.9829","","0.45%"
"01/09/2011","0.9895","0.9929","0.9985","0.9845","","-0.18%"
"01/02/2011","0.9913","0.9950","1.0035","0.9886","","-0.57%"
"12/26/2010","0.9970","1.0082","1.0113","0.9925","","-1.07%"
"12/19/2010","1.0078","1.0122","1.0210","1.0048","","-0.55%"
"12/12/2010","1.0134","1.0102","1.0145","0.9999","","0.36%"
"12/05/2010","1.0098","1.0039","1.0143","1.0008","","0.60%"
"11/28/2010","1.0038","1.0163","1.0288","0.9999","","-1.63%"
"11/21/2010","1.0204","1.0166","1.0265","1.0061","","0.25%"
"11/14/2010","1.0179","1.0114","1.0263","1.0055","","0.87%"
"11/07/2010","1.0091","1.0004","1.0147","0.9973","","0.87%"
"10/31/2010","1.0004","1.0191","1.0204","0.9989","","-1.82%"
"10/24/2010","1.0189","1.0255","1.0341","1.0151","","-0.68%"
"10/17/2010","1.0259","1.0124","1.0373","1.0116","","1.58%"
"10/10/2010","1.0099","1.0103","1.0185","0.9973","","-0.10%"
"10/03/2010","1.0109","1.0196","1.0273","1.0059","","-0.91%"
"09/26/2010","1.0202","1.0242","1.0362","1.0185","","-0.41%"
"09/19/2010","1.0244","1.0332","1.0381","1.0189","","-0.88%"
"09/12/2010","1.0335","1.0339","1.0351","1.0210","","-0.36%"
"09/05/2010","1.0372","1.0393","1.0511","1.0287","","-0.16%"
"08/29/2010","1.0389","1.0492","1.0673","1.0379","","-1.18%"
"08/22/2010","1.0513","1.0492","1.0669","1.0442","","0.33%"
"08/15/2010","1.0478","1.0412","1.0514","1.0242","","0.51%"
"08/08/2010","1.0425","1.0271","1.0495","1.0253","","1.45%"
"08/01/2010","1.0276","1.0292","1.0307","1.0103","","-0.20%"
"07/25/2010","1.0297","1.0381","1.0396","1.0250","","-0.63%"
"07/18/2010","1.0362","1.0574","1.0587","1.0343","","-2.03%"
"07/11/2010","1.0577","1.0322","1.0583","1.0274","","2.37%"
"07/04/2010","1.0332","1.0628","1.0679","1.0296","","-2.78%"
"06/27/2010","1.0627","1.0351","1.0675","1.0316","","2.62%"
"06/20/2010","1.0356","1.0194","1.0471","1.0135","","1.36%"
"06/13/2010","1.0217","1.0351","1.0362","1.0204","","-1.07%"
"06/06/2010","1.0328","1.0608","1.0680","1.0284","","-2.80%"
"05/30/2010","1.0625","1.0520","1.0629","1.0360","","0.80%"
"05/23/2010","1.0541","1.0627","1.0852","1.0440","","-0.49%"
"05/16/2010","1.0593","1.0356","1.0749","1.0242","","2.32%"
"05/09/2010","1.0353","1.0322","1.0393","1.0107","","-0.71%"
"05/02/2010","1.0427","1.0162","1.0741","1.0099","","2.48%"
"04/25/2010","1.0175","0.9989","1.0198","0.9964","","1.78%"
"04/18/2010","0.9997","1.0152","1.0217","0.9928","","-1.27%"
"04/11/2010","1.0126","1.0055","1.0166","0.9951","","0.97%"
"04/04/2010","1.0029","1.0082","1.0105","0.9975","","-0.84%"
"03/28/2010","1.0114","1.0252","1.0272","1.0065","","-1.54%"
"03/21/2010","1.0272","1.0162","1.0304","1.0147","","0.97%"
"03/14/2010","1.0173","1.0171","1.0234","1.0061","","-0.12%"
"03/07/2010","1.0185","1.0284","1.0322","1.0154","","-1.13%"
"02/28/2010","1.0301","1.0547","1.0575","1.0261","","-2.17%"
"02/21/2010","1.0530","1.0381","1.0680","1.0370","","1.26%"
"02/14/2010","1.0399","1.0514","1.0534","1.0388","","-1.07%"
"02/07/2010","1.0511","1.0688","1.0776","1.0478","","-1.66%"
"01/31/2010","1.0688","1.0707","1.0783","1.0547","","-0.09%"
"01/24/2010","1.0698","1.0575","1.0701","1.0531","","1.14%"
"01/17/2010","1.0577","1.0303","1.0604","1.0248","","2.81%"
"01/10/2010","1.0288","1.0282","1.0415","1.0223","","-0.13%"
"01/03/2010","1.0301","1.0518","1.0518","1.0290","","-2.08%"
"12/27/2009","1.0520","1.0503","1.0581","1.0368","","0.18%"
"12/20/2009","1.0501","1.0665","1.0701","1.0448","","-1.52%"
"12/13/2009","1.0663","1.0602","1.0747","1.0551","","0.58%"
"12/06/2009","1.0602","1.0560","1.0671","1.0478","","0.25%"
"11/29/2009","1.0576","1.0578","1.0620","1.0406","","-0.42%"
"11/22/2009","1.0621","1.0703","1.0751","1.0448","","-0.73%"
"11/15/2009","1.0699","1.0539","1.0734","1.0425","","1.85%"
"11/08/2009","1.0505","1.0720","1.0749","1.0416","","-2.22%"
"11/01/2009","1.0743","1.0848","1.0871","1.0595","","-0.95%"
"10/25/2009","1.0846","1.0530","1.0850","1.0501","","2.93%"
"10/18/2009","1.0537","1.0389","1.0585","1.0265","","1.65%"
"10/11/2009","1.0366","1.0431","1.0452","1.0206","","-0.57%"
"10/04/2009","1.0425","1.0806","1.0823","1.0410","","-3.44%"
"09/27/2009","1.0796","1.0911","1.0994","1.0671","","-1.07%"
"09/20/2009","1.0913","1.0701","1.0985","1.0661","","2.09%"
"09/13/2009","1.0690","1.0774","1.0928","1.0593","","-0.72%"
"09/06/2009","1.0768","1.0865","1.0882","1.0673","","-1.05%"
"08/30/2009","1.0882","1.0917","1.1105","1.0825","","-0.32%"
"08/23/2009","1.0917","1.0796","1.1023","1.0720","","0.97%"
"08/16/2009","1.0812","1.0997","1.1126","1.0764","","-1.56%"
"08/09/2009","1.0983","1.0831","1.1077","1.0793","","1.56%"
"08/02/2009","1.0814","1.0772","1.0867","1.0633","","0.32%"
"07/26/2009","1.0779","1.0854","1.0936","1.0751","","-0.81%"
"07/19/2009","1.0867","1.1151","1.1153","1.0793","","-2.40%"
"07/12/2009","1.1134","1.1622","1.1671","1.1117","","-4.34%"
"07/05/2009","1.1639","1.1620","1.1726","1.1542","","0.27%"
"06/28/2009","1.1608","1.1524","1.1658","1.1439","","0.71%"
"06/21/2009","1.1526","1.1349","1.1639","1.1336","","1.51%"
"06/14/2009","1.1355","1.1197","1.1450","1.1182","","1.48%"
"06/07/2009","1.1189","1.1204","1.1294","1.0941","","-0.02%"
"05/31/2009","1.1191","1.0907","1.1208","1.0785","","2.60%"
"05/24/2009","1.0907","1.1210","1.1357","1.0892","","-2.59%"
"05/17/2009","1.1197","1.1784","1.1816","1.1189","","-4.95%"
"05/10/2009","1.1780","1.1492","1.1810","1.1477","","2.42%"
"05/03/2009","1.1502","1.1865","1.1901","1.1489","","-2.97%"
"04/26/2009","1.1854","1.2111","1.2268","1.1829","","-1.98%"
"04/19/2009","1.2094","1.2136","1.2506","1.2073","","-0.36%"
"04/12/2009","1.2138","1.2254","1.2302","1.1982","","-1.01%"
"04/05/2009","1.2262","1.2296","1.2485","1.2212","","-0.29%"
"03/29/2009","1.2298","1.2407","1.2717","1.2294","","-1.00%"
"03/22/2009","1.2422","1.2395","1.2448","1.2203","","0.08%"
"03/15/2009","1.2412","1.2729","1.2788","1.2191","","-2.43%"
"03/08/2009","1.2721","1.2853","1.3066","1.2626","","-1.21%"
"03/01/2009","1.2877","1.2771","1.2976","1.2712","","1.14%"
"02/22/2009","1.2732","1.2504","1.2733","1.2358","","1.79%"
"02/15/2009","1.2508","1.2405","1.2673","1.2393","","1.31%"
"02/08/2009","1.2346","1.2220","1.2550","1.2130","","0.73%"
"02/01/2009","1.2256","1.2281","1.2542","1.2226","","-0.11%"
"01/25/2009","1.2269","1.2325","1.2419","1.2026","","-0.34%"
"01/18/2009","1.2311","1.2435","1.2765","1.2268","","-1.38%"
"01/11/2009","1.2483","1.1873","1.2673","1.1873","","5.02%"
"01/04/2009","1.1886","1.2060","1.2227","1.1762","","-2.18%"
"12/28/2008","1.2151","1.2220","1.2363","1.2066","","-0.57%"
"12/21/2008","1.2221","1.2155","1.2253","1.1986","","-0.18%"
"12/14/2008","1.2243","1.2465","1.2467","1.1819","","-1.98%"
"12/07/2008","1.2490","1.2712","1.2755","1.2158","","-1.65%"
"11/30/2008","1.2700","1.2369","1.3009","1.2306","","2.78%"
"11/23/2008","1.2357","1.2675","1.2776","1.2125","","-3.07%"
"11/16/2008","1.2748","1.2388","1.2986","1.2111","","3.79%"
"11/09/2008","1.2283","1.1774","1.2447","1.1660","","3.31%"
"11/02/2008","1.1889","1.2098","1.2119","1.1466","","-1.95%"
"10/26/2008","1.2125","1.2785","1.3020","1.1901","","-5.10%"
"10/19/2008","1.2776","1.1822","1.2843","1.1741","","8.05%"
"10/12/2008","1.1824","1.1683","1.1997","1.1306","","0.78%"
"10/05/2008","1.1732","1.0835","1.2123","1.0814","","8.36%"
"09/28/2008","1.0827","1.0360","1.0844","1.0332","","4.75%"
"09/21/2008","1.0336","1.0471","1.0517","1.0299","","-1.26%"
"09/14/2008","1.0468","1.0631","1.0810","1.0430","","-1.25%"
"09/07/2008","1.0601","1.0572","1.0824","1.0551","","-0.21%"
"08/31/2008","1.0623","1.0614","1.0779","1.0543","","-0.14%"
"08/24/2008","1.0638","1.0483","1.0647","1.0412","","1.59%"
"08/17/2008","1.0472","1.0595","1.0671","1.0421","","-1.13%"
"08/10/2008","1.0592","1.0677","1.0731","1.0564","","-0.70%"
"08/03/2008","1.0667","1.0267","1.0697","1.0261","","3.86%"
"07/27/2008","1.0271","1.0191","1.0300","1.0174","","0.72%"
"07/20/2008","1.0198","1.0063","1.0208","0.9990","","1.40%"
"07/13/2008","1.0057","1.0071","1.0141","0.9973","","-0.38%"
"07/06/2008","1.0095","1.0187","1.0232","1.0069","","-1.01%"
"06/29/2008","1.0198","1.0105","1.0243","1.0063","","0.91%"
"06/22/2008","1.0106","1.0165","1.0193","1.0048","","-0.60%"
"06/15/2008","1.0167","1.0286","1.0300","1.0101","","-1.23%"
"06/08/2008","1.0294","1.0185","1.0323","1.0150","","0.96%"
"06/01/2008","1.0196","0.9951","1.0223","0.9928","","2.64%"
"05/25/2008","0.9934","0.9887","0.9981","0.9824","","0.37%"
"05/18/2008","0.9897","0.9996","1.0002","0.9819","","-0.95%"
"05/11/2008","0.9992","1.0067","1.0110","0.9945","","-0.61%"
"05/04/2008","1.0053","1.0194","1.0199","0.9997","","-1.40%"
"04/27/2008","1.0196","1.0131","1.0243","1.0037","","0.57%"
"04/20/2008","1.0138","1.0051","1.0215","0.9997","","0.94%"
"04/13/2008","1.0044","1.0269","1.0276","0.9989","","-1.87%"
"04/06/2008","1.0235","1.0092","1.0250","1.0040","","1.51%"
"03/30/2008","1.0083","1.0226","1.0327","1.0018","","-1.40%"
"03/23/2008","1.0226","1.0252","1.0310","1.0094","","-0.06%"
"03/16/2008","1.0232","0.9884","1.0297","0.9860","","3.43%"
"03/09/2008","0.9893","0.9891","0.9986","0.9798","","-0.05%"
"03/02/2008","0.9898","0.9853","0.9978","0.9746","","0.54%"
"02/24/2008","0.9845","1.0125","1.0130","0.9710","","-2.74%"
"02/17/2008","1.0122","1.0095","1.0200","1.0021","","0.49%"
"02/10/2008","1.0073","1.0001","1.0114","0.9920","","0.73%"
"02/03/2008","1.0000","0.9944","1.0128","0.9922","","0.73%"
"01/27/2008","0.9928","1.0094","1.0120","0.9872","","-1.38%"
"01/20/2008","1.0067","1.0263","1.0381","1.0017","","-2.00%"
"01/13/2008","1.0272","1.0199","1.0310","1.0124","","0.73%"
"01/06/2008","1.0198","1.0022","1.0223","0.9966","","1.61%"
"12/30/2007","1.0036","0.9809","1.0037","0.9765","","2.32%"
"12/23/2007","0.9808","0.9917","0.9937","0.9757","","-1.07%"
"12/16/2007","0.9914","1.0178","1.0229","0.9909","","-2.54%"
"12/09/2007","1.0172","1.0041","1.0249","1.0005","","1.23%"
"12/02/2007","1.0048","0.9995","1.0216","0.9975","","0.47%"
"11/25/2007","1.0001","0.9869","1.0017","0.9799","","1.09%"
"11/18/2007","0.9893","0.9771","0.9928","0.9706","","1.61%"
"11/11/2007","0.9736","0.9456","0.9889","0.9433","","3.21%"
"11/04/2007","0.9433","0.9355","0.9444","0.9059","","0.96%"
"10/28/2007","0.9343","0.9611","0.9630","0.9326","","-2.83%"
"10/21/2007","0.9615","0.9667","0.9827","0.9590","","-0.50%"
"10/14/2007","0.9663","0.9715","0.9823","0.9632","","-0.50%"
"10/07/2007","0.9712","0.9802","0.9898","0.9711","","-0.97%"
"09/30/2007","0.9807","0.9930","1.0017","0.9787","","-1.09%"
"09/23/2007","0.9915","0.9998","1.0097","0.9912","","-0.97%"
"09/16/2007","1.0012","1.0303","1.0314","0.9937","","-2.86%"
"09/09/2007","1.0307","1.0546","1.0593","1.0277","","-2.37%"
"09/02/2007","1.0557","1.0556","1.0584","1.0476","","-0.01%"
"08/26/2007","1.0558","1.0520","1.0679","1.0470","","0.31%"
"08/19/2007","1.0525","1.0612","1.0667","1.0473","","-0.75%"
"08/12/2007","1.0604","1.0541","1.0868","1.0486","","0.68%"
"08/05/2007","1.0532","1.0564","1.0644","1.0461","","-0.38%"
"07/29/2007","1.0572","1.0644","1.0701","1.0501","","-0.66%"
"07/22/2007","1.0642","1.0484","1.0652","1.0339","","1.48%"
"07/15/2007","1.0487","1.0484","1.0500","1.0400","","0.15%"
"07/08/2007","1.0471","1.0491","1.0614","1.0444","","-0.22%"
"07/01/2007","1.0494","1.0634","1.0639","1.0463","","-1.49%"
"06/24/2007","1.0653","1.0690","1.0736","1.0474","","-0.41%"
"06/17/2007","1.0697","1.0681","1.0762","1.0615","","0.17%"
"06/10/2007","1.0679","1.0616","1.0742","1.0591","","0.62%"
"06/03/2007","1.0613","1.0615","1.0716","1.0550","","0.05%"
"05/27/2007","1.0608","1.0796","1.0838","1.0598","","-1.85%"
"05/20/2007","1.0808","1.0896","1.0901","1.0776","","-0.70%"
"05/13/2007","1.0884","1.1105","1.1126","1.0875","","-2.00%"
"05/06/2007","1.1106","1.1070","1.1171","1.1006","","0.30%"
"04/29/2007","1.1073","1.1158","1.1198","1.1031","","-0.87%"
"04/22/2007","1.1170","1.1227","1.1250","1.1130","","-0.64%"
"04/15/2007","1.1242","1.1366","1.1372","1.1214","","-1.24%"
"04/08/2007","1.1383","1.1509","1.1533","1.1326","","-1.15%"
"04/01/2007","1.1515","1.1521","1.1601","1.1486","","-0.15%"
"03/25/2007","1.1532","1.1604","1.1641","1.1498","","-0.65%"
"03/18/2007","1.1608","1.1774","1.1791","1.1528","","-1.28%"
"03/11/2007","1.1759","1.1729","1.1782","1.1677","","0.31%"
"03/04/2007","1.1723","1.1766","1.1827","1.1700","","-0.42%"
"02/25/2007","1.1772","1.1594","1.1775","1.1575","","1.59%"
"02/18/2007","1.1588","1.1641","1.1718","1.1560","","-0.34%"
"02/11/2007","1.1627","1.1733","1.1770","1.1618","","-0.79%"
"02/04/2007","1.1720","1.1836","1.1878","1.1711","","-1.09%"
"01/28/2007","1.1849","1.1792","1.1872","1.1732","","0.43%"
"01/21/2007","1.1798","1.1725","1.1854","1.1714","","0.69%"
"01/14/2007","1.1717","1.1692","1.1776","1.1644","","0.21%"
"01/07/2007","1.1693","1.1730","1.1804","1.1682","","-0.29%"
"12/31/2006","1.1727","1.1662","1.1789","1.1625","","0.63%"
"12/24/2006","1.1654","1.1576","1.1673","1.1572","","0.67%"
"12/17/2006","1.1576","1.1578","1.1591","1.1427","","0.00%"
"12/10/2006","1.1576","1.1490","1.1591","1.1454","","0.75%"
"12/03/2006","1.1490","1.1447","1.1520","1.1379","","0.37%"
"11/26/2006","1.1448","1.1321","1.1469","1.1286","","0.85%"
"11/19/2006","1.1351","1.1464","1.1498","1.1307","","-1.01%"
"11/12/2006","1.1467","1.1316","1.1477","1.1304","","1.33%"
"11/05/2006","1.1317","1.1298","1.1365","1.1252","","0.18%"
"10/29/2006","1.1297","1.1192","1.1375","1.1179","","0.93%"
"10/22/2006","1.1193","1.1252","1.1326","1.1175","","-0.52%"
"10/15/2006","1.1252","1.1372","1.1416","1.1199","","-1.09%"
"10/08/2006","1.1376","1.1265","1.1391","1.1212","","1.07%"
"10/01/2006","1.1256","1.1179","1.1311","1.1145","","0.66%"
"09/24/2006","1.1182","1.1175","1.1193","1.1084","","0.01%"
"09/17/2006","1.1181","1.1193","1.1298","1.1117","","-0.13%"
"09/10/2006","1.1195","1.1208","1.1238","1.1119","","-0.13%"
"09/03/2006","1.1210","1.1044","1.1212","1.1040","","1.56%"
"08/27/2006","1.1038","1.1089","1.1131","1.1033","","-0.50%"
"08/20/2006","1.1094","1.1256","1.1259","1.1045","","-1.38%"
"08/13/2006","1.1249","1.1260","1.1324","1.1144","","0.03%"
"08/06/2006","1.1246","1.1270","1.1285","1.1168","","-0.22%"
"07/30/2006","1.1271","1.1302","1.1374","1.1218","","-0.34%"
"07/23/2006","1.1309","1.1374","1.1460","1.1282","","-0.60%"
"07/16/2006","1.1377","1.1281","1.1407","1.1261","","0.90%"
"07/09/2006","1.1275","1.1142","1.1404","1.1134","","1.25%"
"07/02/2006","1.1136","1.1149","1.1191","1.1040","","-0.32%"
"06/25/2006","1.1172","1.1202","1.1271","1.1077","","-0.47%"
"06/18/2006","1.1225","1.1223","1.1292","1.1031","","0.03%"
"06/11/2006","1.1222","1.1066","1.1256","1.0960","","1.36%"
"06/04/2006","1.1071","1.1014","1.1248","1.0974","","0.54%"
"05/28/2006","1.1011","1.1044","1.1102","1.0927","","-0.54%"
"05/21/2006","1.1071","1.1204","1.1269","1.1046","","-1.05%"
"05/14/2006","1.1189","1.1092","1.1277","1.1012","","0.93%"
"05/07/2006","1.1086","1.1063","1.1168","1.0974","","0.31%"
"04/30/2006","1.1052","1.1176","1.1191","1.1012","","-1.06%"
"04/23/2006","1.1170","1.1355","1.1403","1.1159","","-1.85%"
"04/16/2006","1.1381","1.1516","1.1540","1.1347","","-1.16%"
"04/09/2006","1.1515","1.1492","1.1538","1.1426","","0.20%"
"04/02/2006","1.1492","1.1683","1.1774","1.1435","","-1.63%"
"03/26/2006","1.1683","1.1680","1.1752","1.1574","","-0.02%"
"03/19/2006","1.1685","1.1589","1.1724","1.1570","","0.92%"
"03/12/2006","1.1578","1.1601","1.1639","1.1509","","-0.29%"
"03/05/2006","1.1612","1.1342","1.1652","1.1332","","2.34%"
"02/26/2006","1.1347","1.1494","1.1511","1.1294","","-1.28%"
"02/19/2006","1.1494","1.1507","1.1557","1.1446","","-0.08%"
"02/12/2006","1.1503","1.1534","1.1617","1.1497","","-0.29%"
"02/05/2006","1.1536","1.1442","1.1564","1.1416","","0.70%"
"01/29/2006","1.1456","1.1488","1.1504","1.1370","","-0.33%"
"01/22/2006","1.1494","1.1530","1.1583","1.1450","","-0.29%"
"01/15/2006","1.1528","1.1591","1.1799","1.1517","","-0.64%"
"01/08/2006","1.1602","1.1659","1.1753","1.1563","","-0.45%"
"01/01/2006","1.1654","1.1652","1.1730","1.1450","","0.25%"